year,month,day,variable,DTR,Tmax,Tmin,Tmn,Site_ID
2015,07,20,wulin,1.692,9.872,8.18,9.089666667,MCE3250
2015,07,21,wulin,2.444,9.558,7.114,8.186166667,MCE3250
2015,07,22,wulin,4.887,11.876,6.989,8.753958333,MCE3250
2015,07,23,wulin,2.82,10.373,7.553,8.6705625,MCE3250
2015,07,24,wulin,5.765,12.691,6.926,9.103833333,MCE3250
2015,07,25,wulin,6.078,13.129,7.051,9.8295625,MCE3250
2015,07,26,wulin,7.455,14.632,7.177,10.02533333,MCE3250
2015,07,27,wulin,7.894,14.193,6.299,9.1154375,MCE3250
2015,07,28,wulin,5.578,11.25,5.672,8.2930625,MCE3250
2015,07,29,wulin,6.456,11.25,4.794,7.863291667,MCE3250
2015,07,30,wulin,9.085,14.381,5.296,9.141083333,MCE3250
2015,07,31,wulin,9.21,14.945,5.735,9.171333333,MCE3250
2015,08,1,wulin,11.216,15.007,3.791,9.052291667,MCE3250
2015,08,2,wulin,10.153,14.006,3.853,8.977958333,MCE3250
2015,08,3,wulin,9.583,16.572,6.989,10.53389583,MCE3250
2015,08,4,wulin,11.09,15.508,4.418,9.689333333,MCE3250
2015,08,5,wulin,9.65,14.193,4.543,8.5353125,MCE3250
2015,08,6,wulin,8.334,13.943,5.609,9.767916667,MCE3250
2015,08,7,wulin,5.139,10.498,5.36,8.77,MCE3250
2015,08,8,wulin,2.694,12.252,9.56,10.64,MCE3250
2015,08,9,wulin,5.451,12.878,7.43,9.97,MCE3250
2015,08,10,wulin,9.585,15.696,6.11,9.49,MCE3250
2015,08,11,wulin,8.583,14.757,6.17,9.62,MCE3250
2015,08,12,wulin,8.708,15.383,6.68,10.52,MCE3250
2015,08,13,wulin,2.945,11.313,8.37,9.78,MCE3250
2015,08,14,wulin,2.068,9.997,7.93,8.87,MCE3250
2015,08,15,wulin,2.256,10.06,7.8,8.81,MCE3250
2015,08,16,wulin,2.257,9.684,7.43,8.57,MCE3250
2015,08,17,wulin,2.381,10.623,8.24,9.25,MCE3250
2015,08,18,wulin,3.634,11.814,8.18,10.03,MCE3250
2015,08,19,wulin,6.453,13.254,6.8,10.3,MCE3250
2015,08,20,wulin,9.523,15.571,6.05,9.76,MCE3250
2015,08,21,wulin,2.507,10.248,7.74,8.71,MCE3250
2015,08,22,wulin,2.005,10.122,8.12,9.42,MCE3250
2015,08,23,wulin,2.819,12.565,9.75,11.03,MCE3250
2015,08,24,wulin,2.632,11.125,8.49,10.29,MCE3250
2015,08,25,wulin,2.381,10.623,8.24,9.61,MCE3250
2015,08,26,wulin,2.506,11.563,9.06,10.25,MCE3250
2015,08,27,wulin,2.757,10.623,7.87,9.27,MCE3250
2015,08,28,wulin,1.629,9.558,7.93,8.64,MCE3250
2015,08,20,35K,1.568,10.401,8.833,9.712375,MCE3000
2015,08,21,35K,3.514,10.966,7.452,9.1295,MCE3000
2015,08,22,35K,5.644,13.787,8.143,9.938416667,MCE3000
2015,08,23,35K,2.447,10.652,8.205,9.339979167,MCE3000
2015,08,24,35K,4.705,12.471,7.766,9.471854167,MCE3000
2015,08,25,35K,6.272,13.724,7.452,9.7735625,MCE3000
2015,08,26,35K,8.025,16.293,8.268,11.00429167,MCE3000
2015,08,27,35K,8.276,16.23,7.954,10.7965625,MCE3000
2015,08,28,35K,6.711,13.787,7.076,9.6755625,MCE3000
2015,08,29,35K,6.149,12.22,6.071,9.160458333,MCE3000
2015,08,30,35K,7.963,15.541,7.578,10.83310417,MCE3000
2015,08,31,35K,10.223,15.98,5.757,10.13616667,MCE3000
2015,08,1,35K,9.031,15.855,6.824,10.62354167,MCE3000
2015,08,2,35K,9.218,15.729,6.511,11.13852083,MCE3000
2015,08,3,35K,9.091,16.794,7.703,11.75216667,MCE3000
2015,08,4,35K,9.594,16.356,6.762,11.44397917,MCE3000
2015,08,5,35K,8.154,14.727,6.573,10.03329167,MCE3000
2015,08,6,35K,8.277,16.043,7.766,11.3971875,MCE3000
2015,08,7,35K,4.266,11.279,7.013,9.759375,MCE3000
2015,08,8,35K,2.571,12.784,10.213,11.36414583,MCE3000
2015,08,9,35K,4.641,13.16,8.519,10.65202083,MCE3000
2015,08,10,35K,7.338,14.414,7.076,10.24908333,MCE3000
2015,08,11,35K,8.091,14.602,6.511,10.03595833,MCE3000
2015,08,12,35K,8.215,15.416,7.201,10.96902083,MCE3000
2015,08,13,35K,2.76,12.22,9.46,10.55410417,MCE3000
2015,08,14,35K,1.882,10.589,8.707,9.509916667,MCE3000
2015,08,15,35K,2.008,10.464,8.456,9.366166667,MCE3000
2015,08,16,35K,2.322,10.339,8.017,9.204083333,MCE3000
2015,08,17,35K,3.136,11.906,8.77,9.903375,MCE3000
2015,08,18,35K,3.199,12.283,9.084,10.67297917,MCE3000
2015,08,19,35K,5.581,14.163,8.582,11.28939583,MCE3000
2015,08,20,35K,8.778,16.105,7.327,11.25091667,MCE3000
2015,08,21,35K,2.258,11.154,8.896,9.704708333,MCE3000
2015,08,22,35K,1.694,10.778,9.084,10.07845833,MCE3000
2015,08,23,35K,2.508,13.035,10.527,11.63197917,MCE3000
2015,08,24,35K,2.383,11.718,9.335,10.7893125,MCE3000
2015,08,25,35K,2.823,11.844,9.021,10.362,MCE3000
2015,08,26,35K,1.819,11.781,9.962,10.92654167,MCE3000
2015,08,27,35K,2.635,11.342,8.707,9.92425,MCE3000
2015,08,28,35K,1.631,10.15,8.519,9.337395833,MCE3000
2015,07,20,38K,2.759,13.16,10.401,11.57708333,NA
2015,07,21,38K,5.956,15.228,9.272,11.90202083,NA
2015,07,22,38K,6.644,16.669,10.025,12.3708125,NA
2015,07,23,38K,4.013,13.724,9.711,11.31183333,NA
2015,07,24,38K,7.397,16.606,9.209,12.08991667,NA
2015,07,25,38K,7.773,16.606,8.833,12.49572917,NA
2015,07,26,38K,9.339,17.984,8.645,12.3938125,NA
2015,07,27,38K,8.399,17.483,9.084,12.0675,NA
2015,07,28,38K,8.213,16.293,8.08,11.05141667,NA
2015,07,29,38K,5.771,13.035,7.264,10.104125,NA
2015,07,30,38K,10.349,16.043,5.694,10.62064583,NA
2015,07,31,38K,9.594,16.481,6.887,11.34204167,NA
2015,08,1,38K,9.279,16.731,7.452,11.71439583,NA
2015,08,2,38K,10.473,16.544,6.071,10.94183333,NA
2015,08,3,38K,9.843,17.295,7.452,11.910125,NA
2015,08,4,38K,9.969,17.17,7.201,11.96770833,NA
2015,08,5,38K,10.096,16.544,6.448,10.83785417,NA
2015,08,6,38K,11.223,17.859,6.636,12.23654167,NA
2015,08,7,38K,4.829,12.972,8.143,11.104,NA
2015,08,8,38K,2.633,13.975,11.342,12.628625,NA
2015,08,9,38K,4.138,14.1,9.962,11.97420833,NA
2015,08,10,38K,6.46,14.1,7.64,10.6855625,NA
2015,08,11,38K,9.215,17.107,7.892,11.90402083,NA
2015,08,12,38K,9.403,17.859,8.456,13.00364583,NA
2015,08,13,38K,6.517,17.42,10.903,12.98725,NA
2015,08,14,38K,3.825,14.038,10.213,11.51954167,NA
2015,08,15,38K,2.321,12.283,9.962,10.82191667,NA
2015,08,16,38K,3.136,12.659,9.523,10.59720833,NA
2015,08,17,38K,3.511,13.724,10.213,11.5874375,NA
2015,08,18,38K,3.574,13.599,10.025,12.16089583,NA
2015,08,19,38K,5.768,15.04,9.272,12.27704167,NA
2015,08,20,38K,8.844,14.978,6.134,11.00285417,NA
2015,08,21,38K,1.944,12.283,10.339,11.17997917,NA
2015,08,22,38K,1.505,11.906,10.401,11.33025,NA
2015,08,23,38K,2.257,13.975,11.718,12.75914583,NA
2015,08,24,38K,2.947,13.662,10.715,12.35691667,NA
2015,08,25,38K,3.323,13.411,10.088,11.99379167,NA
2015,08,26,38K,3.197,14.414,11.217,12.57114583,NA
2015,08,27,38K,3.449,13.85,10.401,11.6554375,NA
2015,08,28,38K,2.822,12.972,10.15,11.07275,NA
2015,07,20,40K,2.381,13.771,11.39,12.41216667,MCE2750
2015,07,21,40K,7.703,18.717,11.014,13.38022917,MCE2750
2015,07,22,40K,7.139,18.466,11.327,13.33060417,MCE2750
2015,07,23,40K,5.826,16.025,10.199,12.16397917,MCE2750
2015,07,24,40K,9.584,18.341,8.757,12.83445833,MCE2750
2015,07,25,40K,8.831,18.529,9.698,13.47108333,MCE2750
2015,07,26,40K,10.896,20.719,9.823,13.6105,MCE2750
2015,07,27,40K,9.769,19.906,10.137,13.20897917,MCE2750
2015,07,28,40K,9.209,18.154,8.945,12.08529167,MCE2750
2015,07,29,40K,7.895,16.276,8.381,11.75370833,MCE2750
2015,07,30,40K,9.897,18.717,8.82,12.68397917,MCE2750
2015,07,31,40K,10.772,19.655,8.883,13.1525,MCE2750
2015,08,1,40K,9.832,19.655,9.823,13.52845833,MCE2750
2015,08,2,40K,9.959,19.343,9.384,13.32210417,MCE2750
2015,08,3,40K,11.523,20.907,9.384,14.1546875,MCE2750
2015,08,4,40K,11.211,20.031,8.82,13.58033333,MCE2750
2015,08,5,40K,11.899,20.406,8.507,12.3485625,MCE2750
2015,08,6,40K,10.709,20.281,9.572,13.91060417,MCE2750
2015,08,7,40K,6.517,15.149,8.632,11.93945833,MCE2750
2015,08,8,40K,2.505,14.522,12.017,13.21227083,MCE2750
2015,08,9,40K,3.446,14.147,10.701,12.58047917,MCE2750
2015,08,10,40K,9.522,18.154,8.632,12.42572917,MCE2750
2015,08,11,40K,10.27,19.968,9.698,13.47222917,MCE2750
2015,08,12,40K,11.147,20.531,9.384,14.36714583,MCE2750
2015,08,13,40K,8.641,20.156,11.515,13.79495833,MCE2750
2015,08,14,40K,4.511,15.149,10.638,12.12872917,MCE2750
2015,08,15,40K,2.444,13.019,10.575,11.51789583,MCE2750
2015,08,16,40K,2.945,13.27,10.325,11.2306875,MCE2750
2015,08,17,40K,5.763,16.276,10.513,12.50858333,MCE2750
2015,08,18,40K,4.073,14.836,10.763,12.96289583,MCE2750
2015,08,19,40K,6.388,17.277,10.889,13.58779167,MCE2750
2015,08,20,40K,10.022,18.967,8.945,13.21133333,MCE2750
2015,08,21,40K,2.193,13.27,11.077,11.95264583,MCE2750
2015,08,22,40K,1.253,12.455,11.202,12.0075625,MCE2750
2015,08,23,40K,3.257,15.587,12.33,13.70541667,MCE2750
2015,08,24,40K,3.759,15.086,11.327,13.05029167,MCE2750
2015,08,25,40K,5.825,16.526,10.701,12.7970625,MCE2750
2015,08,26,40K,3.633,15.399,11.766,13.1939375,MCE2750
2015,08,27,40K,4.135,15.149,11.014,12.2045,MCE2750
2015,08,28,40K,2.569,13.458,10.889,11.60277083,MCE2750
2015,07,20,DYNN,2.987,14.673,11.686,12.81313889,NA
2015,07,21,DYNN,7.684,18.2,10.516,13.59363194,NA
2015,07,22,DYNN,7.11,18.675,11.565,13.96153472,NA
2015,07,23,DYNN,5.156,15.843,10.687,12.83658333,NA
2015,07,24,DYNN,8.88,18.438,9.558,13.49096528,NA
2015,07,25,DYNN,8.847,18.652,9.805,13.96234028,NA
2015,07,26,DYNN,11.1,20.412,9.312,13.97932639,NA
2015,07,27,DYNN,8.531,18.557,10.026,13.386625,NA
2015,07,28,DYNN,7.442,16.63,9.188,12.20409028,NA
2015,07,29,DYNN,6.942,15.461,8.519,11.81193056,NA
2015,07,30,DYNN,10.195,18.937,8.742,13.12970139,NA
2015,07,31,DYNN,10.259,19.175,8.916,13.67067361,NA
2015,08,1,DYNN,9.391,19.294,9.903,14.04686111,NA
2015,08,2,DYNN,9.901,18.866,8.965,13.6360625,NA
2015,08,3,DYNN,10.06,19.865,9.805,14.58502778,NA
2015,08,4,DYNN,11.244,19.912,8.668,14.15520833,NA
2015,08,5,DYNN,10.65,19.318,8.668,12.86824306,NA
2015,08,6,DYNN,10.185,19.793,9.608,14.43051389,NA
2015,08,7,DYNN,6.039,15.079,9.04,12.4315625,NA
2015,08,8,DYNN,2.45,14.984,12.534,13.74946528,NA
2015,08,9,DYNN,3.588,15.031,11.443,13.18038889,NA
2015,08,10,DYNN,8.59,17.605,9.015,13.04606944,NA
2015,08,11,DYNN,10.834,19.651,8.817,13.84065278,NA
2015,08,12,DYNN,10.805,19.77,8.965,14.45379167,NA
2015,08,13,DYNN,6.605,18.461,11.856,14.05524306,NA
2015,08,14,DYNN,3.183,14.553,11.37,12.52963194,NA
2015,08,15,DYNN,2.899,14.05,11.151,12.151375,NA
2015,08,16,DYNN,3.627,14.314,10.687,11.83754167,NA
2015,08,17,DYNN,6.367,17.201,10.834,12.96509028,NA
2015,08,18,DYNN,4.572,15.772,11.2,13.65728472,NA
2015,08,19,DYNN,7.041,18.533,11.492,14.19290278,NA
2015,08,20,DYNN,9.189,18.747,9.558,13.86391667,NA
2015,08,21,DYNN,2.001,13.954,11.953,12.68711111,NA
2015,08,22,DYNN,1.524,13.064,11.54,12.53814583,NA
2015,08,23,DYNN,2.852,15.748,12.896,14.27095833,NA
2015,08,24,DYNN,2.934,14.984,12.05,13.62311806,NA
2015,08,25,DYNN,4.866,15.7,10.834,13.15684722,NA
2015,08,26,DYNN,3.908,16.272,12.364,13.75571528,NA
2015,08,27,DYNN,3.203,14.84,11.637,12.86475,NA
2015,08,28,DYNN,2.632,14.026,11.394,12.28790972,NA
2015,07,20,PF,2.693,14.888,12.195,13.72527083,NA
2015,07,21,PF,4.733,17.677,12.944,14.9085625,NA
2015,07,22,PF,4.768,16.987,12.219,14.3014375,NA
2015,07,23,PF,4.537,16.344,11.807,13.21854167,NA
2015,07,24,PF,6.371,17.034,10.663,13.67439583,NA
2015,07,25,PF,7.419,19.032,11.613,14.45254167,NA
2015,07,26,PF,7.985,19.841,11.856,14.70910417,NA
2015,07,27,PF,6.988,18.747,11.759,14.15258333,NA
2015,07,28,PF,7.463,17.415,9.952,12.91072917,NA
2015,07,29,PF,6.307,15.915,9.608,12.68675,NA
2015,07,30,PF,8.54,19.032,10.492,13.73125,NA
2015,07,31,PF,8.29,19.27,10.98,14.03422917,NA
2015,08,1,PF,8.474,19.698,11.224,14.39452083,NA
2015,08,2,PF,8.313,19.318,11.005,14.14677083,NA
2015,08,3,PF,8.655,20.317,11.662,14.87377083,NA
2015,08,4,PF,9.06,19.698,10.638,14.3219375,NA
2015,08,5,PF,8.47,18.176,9.706,12.73979167,NA
2015,08,6,PF,10.246,20.174,9.928,14.33633333,NA
2015,08,7,PF,4.856,14.266,9.41,12.45489583,NA
2015,08,8,PF,2.448,15.223,12.775,13.90522917,NA
2015,08,9,PF,3.125,15.175,12.05,13.40314583,NA
2015,08,10,PF,8.026,18.224,10.198,13.6273125,NA
2015,08,11,PF,8.075,19.08,11.005,14.43391667,NA
2015,08,12,PF,8.488,20.198,11.71,15.18660417,NA
2015,08,13,PF,6.048,18.461,12.413,14.28466667,NA
2015,08,14,PF,3.133,14.673,11.54,12.80497917,NA
2015,08,15,PF,2.223,13.642,11.419,12.275625,NA
2015,08,16,PF,2.853,13.882,11.029,12.159375,NA
2015,08,17,PF,5.503,16.63,11.127,13.1424375,NA
2015,08,18,PF,3.513,15.175,11.662,13.60179167,NA
2015,08,19,PF,5.146,17.486,12.34,14.276,NA
2015,08,20,PF,7.91,18.866,10.956,14.16929167,NA
2015,08,21,PF,2.528,14.481,11.953,12.87404167,NA
2015,08,22,PF,1.087,13.209,12.122,12.76877083,NA
2015,08,23,PF,3.042,16.106,13.064,14.45408333,NA
2015,08,24,PF,2.86,15.079,12.219,13.80914583,NA
2015,08,25,PF,5.301,16.963,11.662,13.63333333,NA
2015,08,26,PF,2.854,15.605,12.751,13.76908333,NA
2015,08,27,PF,2.888,14.792,11.904,12.88404167,NA
2015,08,28,PF,2.124,13.858,11.734,12.34227083,NA
2015,07,20,113K,2.76,15.339,12.579,13.86504167,MCE2500
2015,07,21,113K,5.831,18.41,12.579,14.94389583,MCE2500
2015,07,22,113K,6.207,18.786,12.579,14.76754167,MCE2500
2015,07,23,113K,5.707,17.47,11.763,13.89745833,MCE2500
2015,07,24,113K,7.4,18.786,11.386,14.2901875,MCE2500
2015,07,25,113K,8.152,19.475,11.323,14.55122917,MCE2500
2015,07,26,113K,10.405,21.603,11.198,14.8474375,MCE2500
2015,07,27,113K,8.714,20.351,11.637,14.71214583,MCE2500
2015,07,28,113K,8.342,18.786,10.444,13.51145833,MCE2500
2015,07,29,113K,8.032,17.157,9.125,13.0315625,MCE2500
2015,07,30,113K,10.6,19.788,9.188,13.65658333,MCE2500
2015,07,31,113K,9.908,19.85,9.942,13.98097917,MCE2500
2015,08,1,113K,9.719,20.226,10.507,14.25141667,MCE2500
2015,08,2,113K,10.976,20.101,9.125,13.74647917,MCE2500
2015,08,3,113K,10.47,20.852,10.382,14.70714583,MCE2500
2015,08,4,113K,10.66,20.351,9.691,14.74947917,MCE2500
2015,08,5,113K,10.914,19.725,8.811,13.03064583,MCE2500
2015,08,6,113K,11.663,21.165,9.502,14.39191667,MCE2500
2015,08,7,113K,6.025,15.464,9.439,12.88829167,MCE2500
2015,08,8,113K,2.509,15.59,13.081,14.21914583,MCE2500
2015,08,9,113K,3.701,16.029,12.328,13.985125,MCE2500
2015,08,10,113K,9.094,19.099,10.005,13.7815625,MCE2500
2015,08,11,113K,9.343,20.101,10.758,14.6814375,MCE2500
2015,08,12,113K,10.031,20.852,10.821,15.29014583,MCE2500
2015,08,13,113K,7.584,20.226,12.642,14.7530625,MCE2500
2015,08,14,113K,2.823,14.837,12.014,13.14483333,MCE2500
2015,08,15,113K,2.322,14.273,11.951,12.774875,MCE2500
2015,08,16,113K,3.325,15.025,11.7,12.759125,MCE2500
2015,08,17,113K,6.834,18.66,11.826,13.85402083,MCE2500
2015,08,18,113K,4.329,16.217,11.888,14.1680625,MCE2500
2015,08,19,113K,6.269,18.66,12.391,14.8575625,MCE2500
2015,08,20,113K,10.411,19.913,9.502,14.14572917,MCE2500
2015,08,21,113K,4.516,16.718,12.202,13.58,MCE2500
2015,08,22,113K,1.568,13.959,12.391,13.20635417,MCE2500
2015,08,23,113K,3.135,16.53,13.395,14.82933333,MCE2500
2015,08,24,113K,3.826,16.53,12.704,14.4125,MCE2500
2015,08,25,113K,6.208,18.159,11.951,14.24754167,MCE2500
2015,08,26,113K,3.512,16.405,12.893,14.15914583,MCE2500
2015,08,27,113K,3.513,15.715,12.202,13.41925,MCE2500
2015,08,28,113K,2.636,14.524,11.888,12.803625,MCE2500
2015,07,20,SY,2.503,16.322,13.819,14.86191667,NA
2015,07,21,SY,5.257,18.7,13.443,15.77320833,NA
2015,07,22,SY,6.07,19.513,13.443,15.56066667,NA
2015,07,23,SY,4.569,17.949,13.38,14.83439583,NA
2015,07,24,SY,6.758,19.763,13.005,15.30633333,NA
2015,07,25,SY,6.883,19.888,13.005,15.677875,NA
2015,07,26,SY,9.698,22.515,12.817,16.0374375,NA
2015,07,27,SY,8.886,21.515,12.629,15.57997917,NA
2015,07,28,SY,8.262,19.576,11.314,14.13,NA
2015,07,29,SY,6.761,17.198,10.437,13.72964583,NA
2015,07,30,SY,9.764,20.389,10.625,14.46602083,NA
2015,07,31,SY,9.888,20.952,11.064,14.90302083,NA
2015,08,1,SY,10.013,21.515,11.502,15.0880625,NA
2015,08,2,SY,10.702,21.077,10.375,14.69541667,NA
2015,08,3,SY,10.952,21.89,10.938,15.37095833,NA
2015,08,4,SY,10.701,21.702,11.001,15.6853125,NA
2015,08,5,SY,11.141,20.827,9.686,13.824375,NA
2015,08,6,SY,11.641,21.89,10.249,15.37858333,NA
2015,08,7,SY,5.384,16.009,10.625,13.52891667,NA
2015,08,8,SY,2.441,16.072,13.631,14.71970833,NA
2015,08,9,SY,3.443,16.26,12.817,14.46145833,NA
2015,08,10,SY,7.823,19.763,11.94,15.00495833,NA
2015,08,11,SY,8.261,20.201,11.94,15.7468125,NA
2015,08,12,SY,8.511,20.702,12.191,16.30485417,NA
2015,08,13,SY,6.57,19.888,13.318,15.401625,NA
2015,08,14,SY,3.318,15.884,12.566,13.95164583,NA
2015,08,15,SY,2.504,14.945,12.441,13.6503125,NA
2015,08,16,SY,2.316,15.196,12.88,13.87727083,NA
2015,08,17,SY,5.507,18.825,13.318,14.839625,NA
2015,08,18,SY,3.756,16.698,12.942,15.04704167,NA
2015,08,19,SY,6.822,19.576,12.754,15.48497917,NA
2015,08,20,SY,8.448,20.326,11.878,15.203125,NA
2015,08,21,SY,5.132,18.137,13.005,14.50189583,NA
2015,08,22,SY,1.94,14.632,12.692,13.6894375,NA
2015,08,23,SY,2.754,16.698,13.944,15.259625,NA
2015,08,24,SY,2.378,16.76,14.382,15.50472917,NA
2015,08,25,SY,5.07,18.325,13.255,15.24645833,NA
2015,08,26,SY,3.192,16.635,13.443,14.5749375,NA
2015,08,27,SY,3.13,15.947,12.817,13.868125,NA
2015,08,28,SY,1.753,14.507,12.754,13.37645833,NA
2015,07,20,124K,2.317,15.357,13.04,13.8984375,NA
2015,07,21,124K,5.822,18.799,12.977,15.32254167,NA
2015,07,22,124K,6.447,20.238,13.791,15.79727083,NA
2015,07,23,124K,5.571,19.112,13.541,15.48689583,NA
2015,07,24,124K,4.882,18.173,13.291,15.12833333,NA
2015,07,25,124K,5.258,18.862,13.604,15.57172917,NA
2015,07,26,124K,5.633,19.487,13.854,15.92895833,NA
2015,07,27,124K,5.508,18.611,13.103,15.29260417,NA
2015,07,28,124K,3.882,16.045,12.163,13.8435625,NA
2015,07,29,124K,5.009,17.36,12.351,14.40960417,NA
2015,07,30,124K,6.198,18.862,12.664,14.92735417,NA
2015,07,31,124K,5.947,18.799,12.852,15.00420833,NA
2015,08,1,124K,6.76,19.737,12.977,15.36804167,NA
2015,08,2,124K,6.26,19.112,12.852,15.17514583,NA
2015,08,3,124K,6.072,19.3,13.228,15.48547917,NA
2015,08,4,124K,6.511,18.987,12.476,15.2378125,NA
2015,08,5,124K,6.887,18.361,11.474,13.85116667,NA
2015,08,6,124K,8.325,20.238,11.913,15.4175,NA
2015,08,7,124K,5.51,16.358,10.848,13.59695833,NA
2015,08,8,124K,2.567,16.108,13.541,14.72283333,NA
2015,08,9,124K,2.63,15.795,13.165,14.49972917,NA
2015,08,10,124K,6.449,17.61,11.161,14.375625,NA
2015,08,11,124K,6.886,19.3,12.414,15.27685417,NA
2015,08,12,124K,5.884,19.049,13.165,15.87033333,NA
2015,08,13,124K,5.133,18.486,13.353,15.453125,NA
2015,08,14,124K,3.569,16.296,12.727,13.93360417,NA
2015,08,15,124K,2.943,15.357,12.414,13.32433333,NA
2015,08,16,124K,2.755,14.856,12.101,13.09733333,NA
2015,08,17,124K,4.946,17.36,12.414,14.08220833,NA
2015,08,18,124K,2.943,15.858,12.915,14.43847917,NA
2015,08,19,124K,4.007,17.172,13.165,14.936625,NA
2015,08,20,124K,8.639,19.675,11.036,14.74983333,NA
2015,08,21,124K,2.067,15.232,13.165,13.93495833,NA
2015,08,22,124K,0.877,14.105,13.228,13.74316667,NA
2015,08,23,124K,3.256,17.235,13.979,15.11283333,NA
2015,08,24,124K,3.13,16.984,13.854,15.14933333,NA
2015,08,25,124K,4.945,18.298,13.353,15.174,NA
2015,08,26,124K,2.003,15.607,13.604,14.5180625,NA
2015,08,27,124K,2.129,14.919,12.79,13.82935417,NA
2015,08,28,124K,2.568,15.232,12.664,13.49672917,NA
2015,07,20,KU,2.503,16.388,13.885,15.11410417,NA
2015,07,21,KU,4.942,19.703,14.761,16.90635417,NA
2015,07,22,KU,6.882,21.267,14.385,16.5778125,NA
2015,07,23,KU,4.568,18.828,14.26,15.76710417,NA
2015,07,24,KU,5.443,19.703,14.26,16.225875,NA
2015,07,25,KU,6.318,20.891,14.573,16.97670833,NA
2015,07,26,KU,6.818,21.579,14.761,17.40539583,NA
2015,07,27,KU,6.069,19.891,13.822,16.341875,NA
2015,07,28,KU,7.509,19.516,12.007,14.89483333,NA
2015,07,29,KU,6.133,17.952,11.819,14.50508333,NA
2015,07,30,KU,7.383,20.204,12.821,15.72385417,NA
2015,07,31,KU,7.008,20.329,13.321,16.05760417,NA
2015,08,1,KU,7.508,21.267,13.759,16.63364583,NA
2015,08,2,KU,6.757,20.391,13.634,16.23866667,NA
2015,08,3,KU,7.257,20.954,13.697,16.56585417,NA
2015,08,4,KU,7.695,20.829,13.134,16.30777083,NA
2015,08,5,KU,8.259,19.953,11.694,14.89197917,NA
2015,08,6,KU,10.511,22.33,11.819,16.49133333,NA
2015,08,7,KU,4.944,16.513,11.569,13.9745,NA
2015,08,8,KU,2.441,16.263,13.822,14.9185625,NA
2015,08,9,KU,3.505,16.513,13.008,14.86891667,NA
2015,08,10,KU,6.319,19.703,13.384,15.90120833,NA
2015,08,11,KU,7.507,21.517,14.01,17.00004167,NA
2015,08,12,KU,6.255,21.016,14.761,17.5135625,NA
2015,08,13,KU,7.883,21.329,13.446,16.13195833,NA
2015,08,14,KU,4.318,17.139,12.821,14.36558333,NA
2015,08,15,KU,3.129,15.699,12.57,14.06441667,NA
2015,08,16,KU,2.378,15.637,13.259,14.29004167,NA
2015,08,17,KU,6.006,20.016,14.01,15.43733333,NA
2015,08,18,KU,4.505,18.202,13.697,15.68885417,NA
2015,08,19,KU,5.506,19.015,13.509,15.77877083,NA
2015,08,20,KU,7.632,20.891,13.259,16.26616667,NA
2015,08,21,KU,3.567,17.389,13.822,14.98754167,NA
2015,08,22,KU,1.252,14.323,13.071,13.84545833,NA
2015,08,23,KU,3.128,17.326,14.198,15.49733333,NA
2015,08,24,KU,2.127,17.076,14.949,15.99925,NA
2015,08,25,KU,5.568,20.016,14.448,15.99125,NA
2015,08,26,KU,3.004,16.951,13.947,14.78552083,NA
2015,08,27,KU,3.254,16.137,12.883,14.0800625,NA
2015,08,28,KU,2.253,15.136,12.883,13.73064583,NA
2015,07,20,120K,4.509,17.844,13.335,15.54802083,NA
2015,07,21,120K,5.445,20.597,15.152,17.24229167,NA
2015,07,22,120K,6.697,21.661,14.964,17.10002083,NA
2015,07,23,120K,6.573,20.284,13.711,16.25222917,NA
2015,07,24,120K,7.386,21.16,13.774,16.42054167,NA
2015,07,25,120K,8.012,21.285,13.273,16.4111875,NA
2015,07,26,120K,8.638,21.723,13.085,16.52066667,NA
2015,07,27,120K,8.013,21.098,13.085,15.78908333,NA
2015,07,28,120K,8.392,19.659,11.267,14.37872917,NA
2015,07,29,120K,7.641,18.908,11.267,14.804,NA
2015,07,30,120K,9.768,20.91,11.142,14.94966667,NA
2015,07,31,120K,9.391,20.972,11.581,15.11935417,NA
2015,08,1,120K,9.579,21.661,12.082,15.59658333,NA
2015,08,2,120K,9.643,20.785,11.142,15.17389583,NA
2015,08,3,120K,9.704,21.473,11.769,15.83289583,NA
2015,08,4,120K,9.141,20.91,11.769,15.47814583,NA
2015,08,5,120K,9.894,20.347,10.453,13.89414583,NA
2015,08,6,120K,10.519,21.786,11.267,15.72835417,NA
2015,08,7,120K,5.199,16.341,11.142,13.955,NA
2015,08,8,120K,2.442,16.341,13.899,14.9728125,NA
2015,08,9,120K,4.196,17.343,13.147,14.96235417,NA
2015,08,10,120K,7.951,20.722,12.771,15.8906875,NA
2015,08,11,120K,8.2,21.848,13.648,16.87666667,NA
2015,08,12,120K,7.386,21.41,14.024,17.30979167,NA
2015,08,13,120K,7.136,20.972,13.836,16.15439583,NA
2015,08,14,120K,5.072,18.157,13.085,14.8526875,NA
2015,08,15,120K,3.507,16.905,13.398,14.43129167,NA
2015,08,16,120K,3.069,16.154,13.085,14.62429167,NA
2015,08,17,120K,7.7,21.223,13.523,15.8466875,NA
2015,08,18,120K,6.386,19.471,13.085,15.8661875,NA
2015,08,19,120K,6.511,19.596,13.085,15.70035417,NA
2015,08,20,120K,9.329,21.098,11.769,15.869625,NA
2015,08,21,120K,3.82,17.719,13.899,14.88277083,NA
2015,08,22,120K,1.378,14.4,13.022,13.9315625,NA
2015,08,23,120K,3.757,18.094,14.337,15.7619375,NA
2015,08,24,120K,3.568,18.532,14.964,16.41695833,NA
2015,08,25,120K,6.51,21.035,14.525,16.27058333,NA
2015,08,26,120K,3.382,17.218,13.836,15.0196875,NA
2015,08,27,120K,4.008,16.967,12.959,14.26552083,NA
2015,08,28,120K,3.633,16.592,12.959,14.37127083,NA
2015,07,20,125K,2.629,15.972,13.343,14.61941667,NA
2015,07,21,125K,5.006,19.288,14.282,16.54789583,NA
2015,07,22,125K,6.007,20.852,14.845,16.78633333,NA
2015,07,23,125K,5.632,19.914,14.282,16.28047917,NA
2015,07,24,125K,4.318,18.85,14.532,16.03545833,NA
2015,07,25,125K,4.819,19.476,14.657,16.47216667,NA
2015,07,26,125K,6.194,20.914,14.72,17.00408333,NA
2015,07,27,125K,5.82,19.413,13.593,15.9989375,NA
2015,07,28,125K,2.942,16.598,13.656,14.66504167,NA
2015,07,29,125K,5.007,18.287,13.28,15.24783333,NA
2015,07,30,125K,6.321,19.538,13.217,15.575,NA
2015,07,31,125K,6.008,19.914,13.906,15.8319375,NA
2015,08,1,125K,6.758,20.914,14.156,16.47070833,NA
2015,08,2,125K,6.383,20.226,13.843,16.27254167,NA
2015,08,3,125K,7.134,20.477,13.343,16.36522917,NA
2015,08,4,125K,6.696,19.976,13.28,15.9428125,NA
2015,08,5,125K,6.698,18.788,12.09,14.41577083,NA
2015,08,6,125K,8.136,20.852,12.716,16.24627083,NA
2015,08,7,125K,4.882,17.098,12.216,14.19158333,NA
2015,08,8,125K,2.441,16.347,13.906,15.03025,NA
2015,08,9,125K,2.379,16.16,13.781,14.87360417,NA
2015,08,10,125K,6.447,18.85,12.403,15.41858333,NA
2015,08,11,125K,5.632,19.288,13.656,16.02489583,NA
2015,08,12,125K,5.256,19.976,14.72,16.92339583,NA
2015,08,13,125K,5.632,19.288,13.656,15.98325,NA
2015,08,14,125K,5.07,18.037,12.967,14.82141667,NA
2015,08,15,125K,3.193,15.909,12.716,13.74554167,NA
2015,08,16,125K,3.255,16.034,12.779,13.93602083,NA
2015,08,17,125K,4.819,18.412,13.593,15.21004167,NA
2015,08,18,125K,2.629,16.41,13.781,15.01458333,NA
2015,08,19,125K,3.818,17.599,13.781,15.4265625,NA
2015,08,20,125K,6.384,19.601,13.217,15.76016667,NA
2015,08,21,125K,1.878,15.471,13.593,14.31422917,NA
2015,08,22,125K,1.19,14.595,13.405,14.076875,NA
2015,08,23,125K,3.567,17.849,14.282,15.58433333,NA
2015,08,24,125K,2.879,17.787,14.908,16.12689583,NA
2015,08,25,125K,4.193,18.412,14.219,15.75391667,NA
2015,08,26,125K,1.878,15.909,14.031,14.77854167,NA
2015,08,27,125K,2.191,15.283,13.092,14.10816667,NA
2015,08,28,125K,2.692,15.659,12.967,13.938625,NA
2015,07,20,118K,3.635,17.679,14.044,15.62314583,NA
2015,07,21,118K,6.952,21.498,14.546,17.65758333,NA
2015,07,22,118K,8.078,22.436,14.358,17.48252083,NA
2015,07,23,118K,7.077,21.435,14.358,16.63445833,NA
2015,07,24,118K,7.954,22.249,14.295,16.90827083,NA
2015,07,25,118K,7.202,21.873,14.671,17.32860417,NA
2015,07,26,118K,9.016,23.437,14.421,17.53829167,NA
2015,07,27,118K,6.828,20.81,13.982,16.54825,NA
2015,07,28,118K,7.521,19.37,11.849,14.95410417,NA
2015,07,29,118K,8.523,19.808,11.285,14.88458333,NA
2015,07,30,118K,9.586,21.686,12.1,15.83447917,NA
2015,07,31,118K,9.021,21.811,12.79,16.21077083,NA
2015,08,1,118K,9.77,22.874,13.104,16.74304167,NA
2015,08,2,118K,10.023,22.249,12.226,16.3725,NA
2015,08,3,118K,9.645,22.874,13.229,16.98595833,NA
2015,08,4,118K,9.896,22.812,12.916,16.6389375,NA
2015,08,5,118K,9.837,21.373,11.536,14.9794375,NA
2015,08,6,118K,10.586,22.686,12.1,16.47514583,NA
2015,08,7,118K,4.703,15.988,11.285,13.971,NA
2015,08,8,118K,2.57,16.677,14.107,15.17927083,NA
2015,08,9,118K,3.259,16.802,13.543,15.06947917,NA
2015,08,10,118K,8.456,21.811,13.355,16.49047917,NA
2015,08,11,118K,10.584,23.75,13.166,17.23375,NA
2015,08,12,118K,9.142,23.374,14.232,17.76522917,NA
2015,08,13,118K,9.018,22.874,13.856,16.610625,NA
2015,08,14,118K,6.266,19.37,13.104,14.90735417,NA
2015,08,15,118K,3.134,16.05,12.916,14.330375,NA
2015,08,16,118K,2.696,16.301,13.605,14.7248125,NA
2015,08,17,118K,6.452,20.935,14.483,16.16852083,NA
2015,08,18,118K,5.451,19.495,14.044,16.2770625,NA
2015,08,19,118K,6.766,20.371,13.605,16.14491667,NA
2015,08,20,118K,10.271,23.124,12.853,16.42339583,NA
2015,08,21,118K,3.071,17.115,14.044,15.04991667,NA
2015,08,22,118K,1.191,14.546,13.355,14.08745833,NA
2015,08,23,118K,3.447,17.93,14.483,15.856875,NA
2015,08,24,118K,3.822,18.619,14.797,16.51220833,NA
2015,08,25,118K,6.701,21.122,14.421,16.42291667,NA
2015,08,26,118K,3.009,17.053,14.044,15.0473125,NA
2015,08,27,118K,3.886,16.927,13.041,14.42825,NA
2015,08,28,118K,2.445,15.549,13.104,14.00766667,NA
2015,07,20,126K,2.88,17.013,14.133,15.57954167,MCE2250
2015,07,21,126K,6.571,21.643,15.072,17.30747917,MCE2250
2015,07,22,126K,6.696,22.269,15.573,17.4978125,MCE2250
2015,07,23,126K,5.695,20.955,15.26,16.99314583,MCE2250
2015,07,24,126K,3.63,18.953,15.323,16.60989583,MCE2250
2015,07,25,126K,7.134,22.206,15.072,17.08295833,MCE2250
2015,07,26,126K,6.696,21.956,15.26,17.40641667,MCE2250
2015,07,27,126K,6.636,20.33,13.694,16.29925,MCE2250
2015,07,28,126K,4.634,17.764,13.13,14.72745833,MCE2250
2015,07,29,126K,5.323,18.14,12.817,15.03002083,MCE2250
2015,07,30,126K,7.574,20.955,13.381,15.635125,MCE2250
2015,07,31,126K,7.511,21.268,13.757,16.05775,MCE2250
2015,08,1,126K,7.698,22.081,14.383,16.81277083,MCE2250
2015,08,2,126K,8.011,22.081,14.07,16.60154167,MCE2250
2015,08,3,126K,9.764,23.082,13.318,16.84520833,MCE2250
2015,08,4,126K,7.073,20.705,13.632,15.98220833,MCE2250
2015,08,5,126K,7.2,19.767,12.567,14.57602083,MCE2250
2015,08,6,126K,9.764,22.769,13.005,16.65466667,MCE2250
2015,08,7,126K,5.386,17.514,12.128,14.420875,MCE2250
2015,08,8,126K,2.442,16.888,14.446,15.63558333,MCE2250
2015,08,9,126K,2.504,16.95,14.446,15.402,MCE2250
2015,08,10,126K,7.889,20.33,12.441,15.81777083,MCE2250
2015,08,11,126K,7.386,21.205,13.819,16.479125,MCE2250
2015,08,12,126K,5.883,21.456,15.573,17.48347917,MCE2250
2015,08,13,126K,5.196,19.329,14.133,16.23677083,MCE2250
2015,08,14,126K,5.447,18.953,13.506,15.38625,MCE2250
2015,08,15,126K,2.944,16.45,13.506,14.501875,MCE2250
2015,08,16,126K,3.131,16.7,13.569,14.7993125,MCE2250
2015,08,17,126K,5.258,19.704,14.446,16.11152083,MCE2250
2015,08,18,126K,3.443,17.576,14.133,15.56247917,MCE2250
2015,08,19,126K,5.696,19.954,14.258,16.01377083,MCE2250
2015,08,20,126K,7.073,20.642,13.569,16.13995833,MCE2250
2015,08,21,126K,1.942,15.761,13.819,14.73141667,MCE2250
2015,08,22,126K,0.939,14.884,13.945,14.4863125,MCE2250
2015,08,23,126K,3.631,18.265,14.634,16.02170833,MCE2250
2015,08,24,126K,2.692,18.515,15.823,16.79783333,MCE2250
2015,08,25,126K,5.007,20.079,15.072,16.496375,MCE2250
2015,08,26,126K,1.878,16.324,14.446,15.179,MCE2250
2015,08,27,126K,2.317,15.698,13.381,14.5370625,MCE2250
2015,08,28,126K,2.755,16.199,13.444,14.47975,MCE2250
2015,07,20,129K,2.721,16.939,14.218,15.56360417,NA
2015,07,21,129K,7.051,22.226,15.175,17.75747917,NA
2015,07,22,129K,6.646,22.489,15.843,17.96266667,NA
2015,07,23,129K,6.621,21.461,14.84,17.62739583,NA
2015,07,24,129K,5.334,20.198,14.864,16.791875,NA
2015,07,25,129K,6.501,21.246,14.745,17.00229167,NA
2015,07,26,129K,7.29,21.939,14.649,17.27466667,NA
2015,07,27,129K,7.295,20.889,13.594,16.647875,NA
2015,07,28,129K,7.307,19.865,12.558,14.93929167,NA
2015,07,29,129K,6.843,18.675,11.832,14.9553125,NA
2015,07,30,129K,7.806,20.46,12.654,15.70983333,NA
2015,07,31,129K,7.632,20.841,13.209,16.00202083,NA
2015,08,1,129K,7.963,21.533,13.57,16.56652083,NA
2015,08,2,129K,7.342,21.032,13.69,16.28285417,NA
2015,08,3,129K,9.144,21.581,12.437,16.504625,NA
2015,08,4,129K,8.118,20.531,12.413,15.99670833,NA
2015,08,5,129K,7.507,19.532,12.025,14.8266875,NA
2015,08,6,129K,9.765,22.202,12.437,16.66252083,NA
2015,08,7,129K,5.78,17.272,11.492,14.50170833,NA
2015,08,8,129K,2.527,17.272,14.745,16.0160625,NA
2015,08,9,129K,2.218,17.082,14.864,15.87772917,NA
2015,08,10,129K,7.717,19.912,12.195,15.707,NA
2015,08,11,129K,7.369,20.746,13.377,16.65858333,NA
2015,08,12,129K,6.502,21.39,14.888,17.4906875,NA
2015,08,13,129K,5.242,19.651,14.409,16.3885,NA
2015,08,14,129K,5.198,19.032,13.834,15.62152083,NA
2015,08,15,129K,3.13,16.844,13.714,14.72266667,NA
2015,08,16,129K,3.294,17.296,14.002,15.26497917,NA
2015,08,17,129K,6.337,20.627,14.29,16.89554167,NA
2015,08,18,129K,4.056,17.986,13.93,15.71808333,NA
2015,08,19,129K,5.242,19.532,14.29,16.29508333,NA
2015,08,20,129K,7.923,20.77,12.847,15.99570833,NA
2015,08,21,129K,2.03,16.296,14.266,15.16291667,NA
2015,08,22,129K,1.005,15.342,14.337,14.88139583,NA
2015,08,23,129K,3.359,18.414,15.055,16.46433333,NA
2015,08,24,129K,3.26,19.056,15.796,17.11025,NA
2015,08,25,129K,3.904,19.318,15.414,16.801625,NA
2015,08,26,129K,1.814,16.511,14.697,15.41641667,NA
2015,08,27,129K,2.008,16.082,14.074,14.98272917,NA
2015,08,28,129K,2.7,16.582,13.882,14.71791667,NA
2015,07,20,130K,3.32,17.741,14.421,15.9559375,NA
2015,07,21,130K,7.011,22.059,15.048,18.23733333,NA
2015,07,22,130K,6.697,22.81,16.113,18.4226875,NA
2015,07,23,130K,7.762,22.747,14.985,18.462875,NA
2015,07,24,130K,8.137,22.997,14.86,17.80039583,NA
2015,07,25,130K,7.574,22.747,15.173,18.05202083,NA
2015,07,26,130K,8.449,23.81,15.361,18.62695833,NA
2015,07,27,130K,9.014,23.498,14.484,17.95789583,NA
2015,07,28,130K,9.518,22.372,12.854,16.17583333,NA
2015,07,29,130K,7.016,19.494,12.478,15.7166875,NA
2015,07,30,130K,8.203,21.371,13.168,16.644125,NA
2015,07,31,130K,8.453,22.059,13.606,17.11641667,NA
2015,08,1,130K,8.514,22.935,14.421,17.57689583,NA
2015,08,2,130K,8.264,22.622,14.358,17.45025,NA
2015,08,3,130K,9.704,23.185,13.481,17.78020833,NA
2015,08,4,130K,8.953,22.497,13.544,17.37477083,NA
2015,08,5,130K,9.08,21.934,12.854,16.2434375,NA
2015,08,6,130K,10.642,23.81,13.168,17.93760417,NA
2015,08,7,130K,7.392,19.619,12.227,15.425875,NA
2015,08,8,130K,2.38,17.741,15.361,16.5185625,NA
2015,08,9,130K,2.631,17.929,15.298,16.40108333,NA
2015,08,10,130K,9.018,21.371,12.353,16.34802083,NA
2015,08,11,130K,8.89,22.622,13.732,17.60558333,NA
2015,08,12,130K,8.952,23.498,14.546,18.39747917,NA
2015,08,13,130K,7.449,22.497,15.048,17.62564583,NA
2015,08,14,130K,6.7,21.121,14.421,16.59891667,NA
2015,08,15,130K,4.385,18.555,14.17,15.4859375,NA
2015,08,16,130K,3.633,18.117,14.484,15.53314583,NA
2015,08,17,130K,8.451,23.06,14.609,17.359375,NA
2015,08,18,130K,5.198,19.744,14.546,16.58864583,NA
2015,08,19,130K,5.823,20.495,14.672,16.97347917,NA
2015,08,20,130K,9.768,22.81,13.042,17.17777083,NA
2015,08,21,130K,2.568,17.428,14.86,15.8713125,NA
2015,08,22,130K,1.003,15.925,14.922,15.34395833,NA
2015,08,23,130K,3.444,18.93,15.486,16.9736875,NA
2015,08,24,130K,3.569,19.243,15.674,17.262,NA
2015,08,25,130K,5.009,20.245,15.236,17.27891667,NA
2015,08,26,130K,2.38,17.428,15.048,15.96135417,NA
2015,08,27,130K,2.694,17.052,14.358,15.46927083,NA
2015,08,28,130K,3.383,17.553,14.17,15.3816875,NA
2015,07,20,132K,3.003,17.79,14.787,16.2909375,NA
2015,07,21,132K,5.754,22.105,16.351,18.7773125,NA
2015,07,22,132K,6.504,22.98,16.476,18.63133333,NA
2015,07,23,132K,7.318,22.48,15.162,18.42929167,NA
2015,07,24,132K,5.692,20.854,15.162,17.15354167,NA
2015,07,25,132K,6.004,21.542,15.538,17.498875,NA
2015,07,26,132K,7.505,23.105,15.6,18.06958333,NA
2015,07,27,132K,6.192,21.667,15.475,17.57570833,NA
2015,07,28,132K,6.881,20.354,13.473,16.0300625,NA
2015,07,29,132K,6.694,20.104,13.41,15.92585417,NA
2015,07,30,132K,8.194,22.167,13.973,16.7335,NA
2015,07,31,132K,8.319,22.355,14.036,16.90575,NA
2015,08,1,132K,8.131,22.73,14.599,17.51295833,NA
2015,08,2,132K,8.193,22.855,14.662,17.393125,NA
2015,08,3,132K,9.632,23.355,13.723,17.48683333,NA
2015,08,4,132K,7.569,21.104,13.535,16.7155,NA
2015,08,5,132K,6.381,19.791,13.41,15.63375,NA
2015,08,6,132K,8.945,23.043,14.098,17.436,NA
2015,08,7,132K,5.006,17.79,12.784,15.210375,NA
2015,08,8,132K,2.253,17.665,15.412,16.46689583,NA
2015,08,9,132K,2.439,17.539,15.1,16.19441667,NA
2015,08,10,132K,7.445,20.667,13.222,16.37402083,NA
2015,08,11,132K,7.631,22.105,14.474,17.39585417,NA
2015,08,12,132K,7.505,22.542,15.037,17.930125,NA
2015,08,13,132K,5.005,19.979,14.974,17.0819375,NA
2015,08,14,132K,4.441,19.103,14.662,16.20347917,NA
2015,08,15,132K,3.816,18.415,14.599,15.82291667,NA
2015,08,16,132K,3.441,18.228,14.787,16.47725,NA
2015,08,17,132K,6.255,21.167,14.912,17.32829167,NA
2015,08,18,132K,3.816,18.478,14.662,16.25439583,NA
2015,08,19,132K,5.504,20.291,14.787,16.7339375,NA
2015,08,20,132K,8.694,22.73,14.036,16.9175,NA
2015,08,21,132K,3.003,17.915,14.912,16.01064583,NA
2015,08,22,132K,1.189,16.163,14.974,15.435875,NA
2015,08,23,132K,3.065,18.665,15.6,16.88910417,NA
2015,08,24,132K,3.941,19.854,15.913,17.654125,NA
2015,08,25,132K,4.567,19.729,15.162,17.12227083,NA
2015,08,26,132K,2.002,17.102,15.1,15.87377083,NA
2015,08,27,132K,2.127,16.601,14.474,15.43845833,NA
2015,08,28,132K,2.941,17.227,14.286,15.28204167,NA
2015,07,20,TIN,3.003,17.79,14.787,16.2909375,NA
2015,07,21,TIN,5.754,22.105,16.351,18.7773125,NA
2015,07,22,TIN,6.504,22.98,16.476,18.63133333,NA
2015,07,23,TIN,7.318,22.48,15.162,18.42929167,NA
2015,07,24,TIN,5.692,20.854,15.162,17.15354167,NA
2015,07,25,TIN,6.004,21.542,15.538,17.498875,NA
2015,07,26,TIN,7.505,23.105,15.6,18.06958333,NA
2015,07,27,TIN,6.192,21.667,15.475,17.57570833,NA
2015,07,28,TIN,6.881,20.354,13.473,16.0300625,NA
2015,07,29,TIN,6.694,20.104,13.41,15.92585417,NA
2015,07,30,TIN,8.194,22.167,13.973,16.7335,NA
2015,07,31,TIN,8.319,22.355,14.036,16.90575,NA
2015,08,1,TIN,8.131,22.73,14.599,17.51295833,NA
2015,08,2,TIN,8.193,22.855,14.662,17.393125,NA
2015,08,3,TIN,9.632,23.355,13.723,17.48683333,NA
2015,08,4,TIN,7.569,21.104,13.535,16.7155,NA
2015,08,5,TIN,6.381,19.791,13.41,15.63375,NA
2015,08,6,TIN,8.945,23.043,14.098,17.436,NA
2015,08,7,TIN,5.006,17.79,12.784,15.22602083,NA
2015,08,8,TIN,2.253,17.665,15.412,16.46429167,NA
2015,08,9,TIN,2.439,17.539,15.1,16.18789583,NA
2015,08,10,TIN,7.445,20.667,13.222,16.37010417,NA
2015,08,11,TIN,7.631,22.105,14.474,17.39977083,NA
2015,08,12,TIN,7.505,22.542,15.037,17.96010417,NA
2015,08,13,TIN,5.005,19.979,14.974,17.05195833,NA
2015,08,14,TIN,4.504,19.103,14.599,16.19175,NA
2015,08,15,TIN,3.753,18.415,14.662,15.86983333,NA
2015,08,16,TIN,3.441,18.228,14.787,16.48377083,NA
2015,08,17,TIN,6.255,21.167,14.912,17.281375,NA
2015,08,18,TIN,3.816,18.478,14.662,16.27004167,NA
2015,08,19,TIN,5.567,20.291,14.724,16.714375,NA
2015,08,20,TIN,8.694,22.73,14.036,16.944875,NA
2015,08,21,TIN,3.003,17.915,14.912,15.98847917,NA
2015,08,22,TIN,1.189,16.163,14.974,15.44891667,NA
2015,08,23,TIN,3.065,18.665,15.6,16.90475,NA
2015,08,24,TIN,3.941,19.854,15.913,17.654125,NA
2015,08,25,TIN,4.567,19.729,15.162,17.11966667,NA
2015,08,26,TIN,2.002,17.102,15.1,15.8568125,NA
2015,08,27,TIN,2.127,16.601,14.474,15.41891667,NA
2015,08,28,TIN,2.941,17.227,14.286,15.29508333,NA
2015,07,20,131K,3.132,18.007,14.875,16.33041667,MCE2000
2015,07,21,131K,5.321,21.512,16.191,18.45927083,MCE2000
2015,07,22,131K,5.257,21.824,16.567,18.52966667,MCE2000
2015,07,23,131K,6.511,21.95,15.439,18.367875,MCE2000
2015,07,24,131K,6.198,21.449,15.251,17.4848125,MCE2000
2015,07,25,131K,4.82,20.886,16.066,17.88522917,MCE2000
2015,07,26,131K,6.51,22.45,15.94,18.4054375,MCE2000
2015,07,27,131K,6.573,21.95,15.377,17.93083333,MCE2000
2015,07,28,131K,7.702,21.387,13.685,16.31308333,MCE2000
2015,07,29,131K,5.95,19.572,13.622,16.16310417,MCE2000
2015,07,30,131K,6.7,21.074,14.374,16.97829167,MCE2000
2015,07,31,131K,6.887,21.324,14.437,17.1779375,MCE2000
2015,08,1,131K,6.698,22.012,15.314,17.66970833,MCE2000
2015,08,2,131K,6.886,21.699,14.813,17.48966667,MCE2000
2015,08,3,131K,8.201,22.387,14.186,17.6514375,MCE2000
2015,08,4,131K,7.514,21.637,14.123,17.21708333,MCE2000
2015,08,5,131K,7.39,20.949,13.559,16.22552083,MCE2000
2015,08,6,131K,9.14,22.95,13.81,17.80110417,MCE2000
2015,08,7,131K,5.575,19.009,13.434,15.60472917,MCE2000
2015,08,8,131K,2.38,17.819,15.439,16.5835625,MCE2000
2015,08,9,131K,2.442,17.819,15.377,16.4203125,MCE2000
2015,08,10,131K,7.891,20.886,12.995,16.52689583,MCE2000
2015,08,11,131K,6.95,21.387,14.437,17.515875,MCE2000
2015,08,12,131K,7.199,22.262,15.063,18.17847917,MCE2000
2015,08,13,131K,6.511,21.574,15.063,17.60097917,MCE2000
2015,08,14,131K,4.822,19.447,14.625,16.5625,MCE2000
2015,08,15,131K,4.071,18.57,14.499,15.81358333,MCE2000
2015,08,16,131K,3.319,17.944,14.625,16.02510417,MCE2000
2015,08,17,131K,6.699,21.637,14.938,17.30339583,MCE2000
2015,08,18,131K,3.946,18.821,14.875,16.53645833,MCE2000
2015,08,19,131K,5.198,20.073,14.875,17.0034375,MCE2000
2015,08,20,131K,7.45,22.012,14.562,17.33454167,MCE2000
2015,08,21,131K,2.756,17.882,15.126,16.18822917,MCE2000
2015,08,22,131K,0.94,16.003,15.063,15.51089583,MCE2000
2015,08,23,131K,3.444,19.134,15.69,17.12360417,MCE2000
2015,08,24,131K,4.07,20.323,16.253,17.86077083,MCE2000
2015,08,25,131K,4.383,19.822,15.439,17.365,MCE2000
2015,08,26,131K,2.192,17.443,15.251,16.03285417,MCE2000
2015,08,27,131K,2.38,17.005,14.625,15.627125,MCE2000
2015,08,28,131K,2.944,17.443,14.499,15.51866667,MCE2000
2015,07,20,134K,3.071,18.321,15.25,16.56383333,NA
2015,07,21,134K,8.076,24.392,16.316,19.24695833,NA
2015,07,22,134K,8.264,24.705,16.441,19.2650625,NA
2015,07,23,134K,7.767,22.954,15.187,18.63635417,NA
2015,07,24,134K,7.58,22.328,14.748,17.144375,NA
2015,07,25,134K,8.332,22.829,14.497,17.50933333,NA
2015,07,26,134K,9.455,24.517,15.062,18.24002083,NA
2015,07,27,134K,7.454,22.641,15.187,17.84010417,NA
2015,07,28,134K,7.269,21.139,13.87,16.5334375,NA
2015,07,29,134K,8.147,21.452,13.305,16.37627083,NA
2015,07,30,134K,9.834,23.704,13.87,17.20075,NA
2015,07,31,134K,9.833,23.829,13.996,17.29089583,NA
2015,08,1,134K,10.021,24.33,14.309,17.80875,NA
2015,08,2,134K,9.52,23.955,14.435,17.48527083,NA
2015,08,3,134K,9.959,24.08,14.121,17.69147917,NA
2015,08,4,134K,8.521,22.14,13.619,16.99516667,NA
2015,08,5,134K,7.96,21.014,13.054,15.89833333,NA
2015,08,6,134K,10.524,23.955,13.431,17.89745833,NA
2015,08,7,134K,6.207,19.01,12.803,15.56835417,NA
2015,08,8,134K,2.444,18.196,15.752,16.849875,NA
2015,08,9,134K,2.569,18.321,15.752,16.8368125,NA
2015,08,10,134K,6.77,20.075,13.305,16.34777083,NA
2015,08,11,134K,9.209,23.079,13.87,17.32,NA
2015,08,12,134K,9.707,24.142,14.435,18.136875,NA
2015,08,13,134K,5.513,21.077,15.564,17.4501875,NA
2015,08,14,134K,6.14,21.202,15.062,16.75675,NA
2015,08,15,134K,5.138,20.012,14.874,16.3313125,NA
2015,08,16,134K,4.074,19.449,15.375,16.78972917,NA
2015,08,17,134K,7.83,22.766,14.936,17.252625,NA
2015,08,18,134K,4.575,19.261,14.686,16.60158333,NA
2015,08,19,134K,6.765,22.078,15.313,17.39772917,NA
2015,08,20,134K,10.149,23.454,13.305,17.172375,NA
2015,08,21,134K,3.071,18.321,15.25,16.40058333,NA
2015,08,22,134K,1.442,16.817,15.375,15.95533333,NA
2015,08,23,134K,3.635,19.637,16.002,17.48435417,NA
2015,08,24,134K,4.009,20.2,16.191,17.69183333,NA
2015,08,25,134K,5.325,20.638,15.313,17.47377083,NA
2015,08,26,134K,2.131,17.695,15.564,16.30541667,NA
2015,08,27,134K,1.943,17.193,15.25,16.00102083,NA
2015,08,28,134K,2.884,17.82,14.936,15.875625,NA
2015,07,20,135K,2.693,18.262,15.569,16.80358333,NA
2015,07,21,135K,6.446,22.892,16.446,18.68266667,NA
2015,07,22,135K,7.445,24.142,16.697,19.105,NA
2015,07,23,135K,7.073,22.642,15.569,18.298,NA
2015,07,24,135K,7.824,23.205,15.381,17.65872917,NA
2015,07,25,135K,7.761,23.08,15.319,17.97945833,NA
2015,07,26,135K,8.51,24.142,15.632,18.55829167,NA
2015,07,27,135K,7.635,23.392,15.757,18.41520833,NA
2015,07,28,135K,7.199,22.267,15.068,17.45272917,NA
2015,07,29,135K,7.199,22.079,14.88,17.42797917,NA
2015,07,30,135K,8.763,23.142,14.379,17.44322917,NA
2015,07,31,135K,8.95,23.392,14.442,17.72864583,NA
2015,08,1,135K,10.075,14.602,6.511,10.03595833,NA
2015,08,2,135K,8.575,11.154,8.896,9.704708333,NA
2015,08,3,135K,10.327,24.455,14.128,17.8773125,NA
2015,08,4,135K,9.702,23.83,14.128,17.60752083,NA
2015,08,5,135K,8.702,22.204,13.502,16.67883333,NA
2015,08,6,135K,10.952,25.08,14.128,18.384125,NA
2015,08,7,135K,8.641,21.641,13,16.03747917,NA
2015,08,8,135K,2.505,18.387,15.882,17.10497917,NA
2015,08,9,135K,2.254,18.262,16.008,17.07358333,NA
2015,08,10,135K,8.077,21.516,13.439,16.92297917,NA
2015,08,11,135K,8.326,22.392,14.066,17.49539583,NA
2015,08,12,135K,9.013,23.705,14.692,18.374375,NA
2015,08,13,135K,6.447,22.267,15.82,17.98245833,NA
2015,08,14,135K,5.947,21.328,15.381,17.17760417,NA
2015,08,15,135K,4.445,19.764,15.319,16.48639583,NA
2015,08,16,135K,3.506,18.825,15.319,16.44735417,NA
2015,08,17,135K,7.198,22.329,15.131,17.28447917,NA
2015,08,18,135K,4.696,19.889,15.193,16.97039583,NA
2015,08,19,135K,6.259,21.891,15.632,17.71889583,NA
2015,08,20,135K,9.14,22.704,13.564,17.24639583,NA
2015,08,21,135K,2.818,18.325,15.507,16.63785417,NA
2015,08,22,135K,1.065,16.697,15.632,16.207375,NA
2015,08,23,135K,3.13,19.451,16.321,17.6345,NA
2015,08,24,135K,4.882,21.203,16.321,18.1299375,NA
2015,08,25,135K,5.446,21.078,15.632,17.85083333,NA
2015,08,26,135K,2.067,17.949,15.882,16.50877083,NA
2015,08,27,135K,1.816,17.323,15.507,16.25564583,NA
2015,08,28,135K,2.63,17.886,15.256,16.28427083,NA
2015,07,20,136K,3.524,18.771,15.247,17.25572917,NA
2015,07,21,136K,5.895,23.857,17.962,20.69204167,NA
2015,07,22,136K,6.775,23.857,17.082,19.90214583,NA
2015,07,23,136K,6.335,22.178,15.843,18.80841667,NA
2015,07,24,136K,6.405,22.034,15.629,17.80647917,NA
2015,07,25,136K,6.192,22.274,16.082,18.57864583,NA
2015,07,26,136K,6.863,23.016,16.153,19.01939583,NA
2015,07,27,136K,6.288,22.274,15.986,18.5543125,NA
2015,07,28,136K,6.215,21.485,15.27,17.61714583,NA
2015,07,29,136K,6.215,21.366,15.151,17.58039583,NA
2015,07,30,136K,7.075,21.867,14.792,17.72908333,NA
2015,07,31,136K,7.649,22.489,14.84,17.9625,NA
2015,08,1,136K,8.109,23.761,15.652,18.670625,NA
2015,08,2,136K,6.717,21.987,15.27,18.12204167,NA
2015,08,3,136K,7.362,22.513,15.151,18.08052083,NA
2015,08,4,136K,7.481,22.13,14.649,17.7601875,NA
2015,08,5,136K,7.435,21.461,14.026,16.9866875,NA
2015,08,6,136K,9.882,24.291,14.409,18.73958333,NA
2015,08,7,136K,6.632,19.841,13.209,16.13747917,NA
2015,08,8,136K,2.38,18.366,15.986,17.05677083,NA
2015,08,9,136K,2.452,18.438,15.986,17.14358333,NA
2015,08,10,136K,7.56,20.913,13.353,17.24039583,NA
2015,08,11,136K,7.195,21.7,14.505,17.8225,NA
2015,08,12,136K,7.29,22.513,15.223,18.7329375,NA
2015,08,13,136K,5.379,21.008,15.629,18.11704167,NA
2015,08,14,136K,6.74,21.867,15.127,17.51264583,NA
2015,08,15,136K,5.071,20.222,15.151,16.89645833,NA
2015,08,16,136K,4.856,20.174,15.318,17.36327083,NA
2015,08,17,136K,6.262,21.843,15.581,17.6876875,NA
2015,08,18,136K,4.522,19.888,15.366,17.236125,NA
2015,08,19,136K,5.881,21.223,15.342,17.61491667,NA
2015,08,20,136K,7.289,22.034,14.745,17.81354167,NA
2015,08,21,136K,2.738,18.39,15.652,16.88577083,NA
2015,08,22,136K,1.263,16.939,15.676,16.22710417,NA
2015,08,23,136K,3.497,19.722,16.225,17.7650625,NA
2015,08,24,136K,4.425,21.079,16.654,18.68510417,NA
2015,08,25,136K,4.807,20.65,15.843,17.88208333,NA
2015,08,26,136K,1.809,17.605,15.796,16.4845625,NA
2015,08,27,136K,1.62,17.225,15.605,16.27970833,NA
2015,08,28,136K,2.621,17.796,15.175,16.277125,NA
2015,07,20,137K,3.505,19.308,15.803,17.76441667,NA
2015,07,21,137K,7.382,24.875,17.493,20.82514583,NA
2015,07,22,137K,6.819,24.312,17.493,20.53864583,NA
2015,07,23,137K,6.258,22.499,16.241,19.33683333,NA
2015,07,24,137K,6.759,22.687,15.928,18.11760417,NA
2015,07,25,137K,6.945,23.437,16.492,18.92977083,NA
2015,07,26,137K,7.821,24.375,16.554,19.42904167,NA
2015,07,27,137K,7.508,23.812,16.304,19.1084375,NA
2015,07,28,137K,7.197,23.062,15.865,18.0484375,NA
2015,07,29,137K,7.259,22.874,15.615,18.03925,NA
2015,07,30,137K,8.448,23.75,15.302,18.380625,NA
2015,07,31,137K,9.073,24.187,15.114,18.50839583,NA
2015,08,1,137K,8.383,24.937,16.554,19.28533333,NA
2015,08,2,137K,8.447,24.187,15.74,18.9608125,NA
2015,08,3,137K,8.885,24.375,15.49,18.6908125,NA
2015,08,4,137K,8.949,23.75,14.801,18.34027083,NA
2015,08,5,137K,8.324,23.187,14.863,17.50575,NA
2015,08,6,137K,10.324,25.688,15.364,19.414125,NA
2015,08,7,137K,5.133,19.934,14.801,16.76402083,NA
2015,08,8,137K,2.316,18.808,16.492,17.58975,NA
2015,08,9,137K,3.005,19.434,16.429,17.6979375,NA
2015,08,10,137K,6.823,21.248,14.425,17.43802083,NA
2015,08,11,137K,8.887,23.437,14.55,18.20320833,NA
2015,08,12,137K,9.448,24.687,15.239,19.115875,NA
2015,08,13,137K,5.757,22.061,16.304,18.531125,NA
2015,08,14,137K,6.634,22.311,15.677,18.04585417,NA
2015,08,15,137K,5.258,20.81,15.552,17.32741667,NA
2015,08,16,137K,5.132,21.123,15.991,18.12947917,NA
2015,08,17,137K,6.696,22.561,15.865,18.04710417,NA
2015,08,18,137K,4.82,20.435,15.615,17.61560417,NA
2015,08,19,137K,6.571,22.436,15.865,18.3014375,NA
2015,08,20,137K,7.759,23.75,15.991,18.66502083,NA
2015,08,21,137K,3.443,19.559,16.116,17.54922917,NA
2015,08,22,137K,1.627,17.618,15.991,16.7355,NA
2015,08,23,137K,4.319,20.998,16.679,18.39547917,NA
2015,08,24,137K,4.944,21.936,16.992,19.052625,NA
2015,08,25,137K,5.882,22.436,16.554,18.425375,NA
2015,08,26,137K,2.191,18.432,16.241,16.99370833,NA
2015,08,27,137K,2.567,18.495,15.928,16.79929167,NA
2015,08,28,137K,3.694,19.246,15.552,16.95702083,NA
2015,07,20,138K,4.093,20.103,16.01,17.92208333,NA
2015,07,21,138K,7.082,25.258,18.176,21.48923611,NA
2015,07,22,138K,6.829,24.339,17.51,21.07485417,NA
2015,07,23,138K,6.289,22.657,16.368,19.30895833,NA
2015,07,24,138K,6.716,22.321,15.605,18.20259028,NA
2015,07,25,138K,6.146,22.8,16.654,19.01371528,NA
2015,07,26,138K,6.818,23.424,16.606,19.33859028,NA
2015,07,27,138K,6.603,23.28,16.677,19.02229167,NA
2015,07,28,138K,6.169,22.513,16.344,18.28849306,NA
2015,07,29,138K,6.144,22.13,15.986,18.28795139,NA
2015,07,30,138K,7.004,22.513,15.509,18.11694444,NA
2015,07,31,138K,7.889,23.016,15.127,18.31064583,NA
2015,08,1,138K,7.751,17.107,7.892,11.90402083,NA
2015,08,2,138K,7.148,12.283,10.339,11.17997917,NA
2015,08,3,138K,7.962,23.256,15.294,18.48565972,NA
2015,08,4,138K,7.171,22.489,15.318,18.30309028,NA
2015,08,5,138K,8.009,23.064,15.055,17.75977083,NA
2015,08,6,138K,8.953,24.677,15.724,19.74395139,NA
2015,08,7,138K,5.189,21.366,16.177,17.52622222,NA
2015,08,8,138K,2.284,18.628,16.344,17.430375,NA
2015,08,9,138K,2.713,18.985,16.272,17.53585417,NA
2015,08,10,138K,6,21.127,15.127,17.81363889,NA
2015,08,11,138K,7.41,22.178,14.768,18.17198611,NA
2015,08,12,138K,8.467,23.785,15.318,19.15853472,NA
2015,08,13,138K,5.261,21.891,16.63,18.44113889,NA
2015,08,14,138K,7.148,22.824,15.676,17.99822222,NA
2015,08,15,138K,6.262,21.891,15.629,18.06627083,NA
2015,08,16,138K,5.499,21.366,15.867,18.64208333,NA
2015,08,17,138K,6.168,22.369,16.201,18.06775694,NA
2015,08,18,138K,4.545,20.293,15.748,17.60840278,NA
2015,08,19,138K,6.958,23.04,16.082,18.62030556,NA
2015,08,20,138K,6.624,22.753,16.129,18.77013194,NA
2015,08,21,138K,3.069,19.246,16.177,17.51711111,NA
2015,08,22,138K,1.191,17.249,16.058,16.61395833,NA
2015,08,23,138K,4.116,20.603,16.487,18.31047917,NA
2015,08,24,138K,5.241,22.609,17.368,19.17134028,NA
2015,08,25,138K,4.164,20.984,16.82,18.24236111,NA
2015,08,26,138K,2.165,18.247,16.082,16.86952778,NA
2015,08,27,138K,2.214,18.033,15.819,16.66625694,NA
2015,08,28,138K,2.833,18.39,15.557,16.81352083,NA
2015,07,20,140K,3.546,19.389,15.843,17.64410417,MCE1750
2015,07,21,140K,7.516,24.122,16.606,20.088125,MCE1750
2015,07,22,140K,5.917,23.665,17.748,20.1814375,MCE1750
2015,07,23,140K,5.715,22.369,16.654,18.97716667,MCE1750
2015,07,24,140K,6.001,22.226,16.225,18.61145833,MCE1750
2015,07,25,140K,5.957,22.753,16.796,19.17375,MCE1750
2015,07,26,140K,6.989,23.809,16.82,19.553,MCE1750
2015,07,27,140K,6.268,23.112,16.844,19.2561875,MCE1750
2015,07,28,140K,6.793,23.208,16.415,18.46729167,MCE1750
2015,07,29,140K,6.144,22.226,16.082,18.279375,MCE1750
2015,07,30,140K,7.101,22.944,15.843,18.59166667,MCE1750
2015,07,31,140K,7.649,22.824,15.175,18.51160417,MCE1750
2015,08,1,140K,7.679,19.968,9.698,13.47222917,MCE1750
2015,08,2,140K,6.91,13.27,11.077,11.95264583,MCE1750
2015,08,3,140K,7.435,23.016,15.581,18.666875,MCE1750
2015,08,4,140K,7.697,22.872,15.175,18.6484375,MCE1750
2015,08,5,140K,7.769,22.705,14.936,17.9599375,MCE1750
2015,08,6,140K,8.853,24.243,15.39,19.1965625,MCE1750
2015,08,7,140K,5.93,20.555,14.625,16.89522917,MCE1750
2015,08,8,140K,2.45,18.913,16.463,17.65672917,MCE1750
2015,08,9,140K,2.712,19.199,16.487,17.85389583,MCE1750
2015,08,10,140K,6.358,21.987,15.629,18.17072917,MCE1750
2015,08,11,140K,8.225,23.328,15.103,18.67302083,MCE1750
2015,08,12,140K,9.219,24.919,15.7,19.51516667,MCE1750
2015,08,13,140K,6.551,22.776,16.225,18.85177083,MCE1750
2015,08,14,140K,5.331,21.079,15.748,17.68260417,MCE1750
2015,08,15,140K,5.642,20.936,15.294,17.13816667,MCE1750
2015,08,16,140K,4.902,20.698,15.796,17.422,MCE1750
2015,08,17,140K,5.308,21.533,16.225,17.7696875,MCE1750
2015,08,18,140K,4.568,20.507,15.939,17.92110417,MCE1750
2015,08,19,140K,6.144,22.321,16.177,18.6200625,MCE1750
2015,08,20,140K,7.578,22.944,15.366,18.3556875,MCE1750
2015,08,21,140K,3.901,20.269,16.368,17.5125,MCE1750
2015,08,22,140K,1.166,17.51,16.344,16.86672917,MCE1750
2015,08,23,140K,3.759,20.484,16.725,18.34397917,MCE1750
2015,08,24,140K,4.069,21.318,17.249,18.88591667,MCE1750
2015,08,25,140K,4.116,20.96,16.844,18.336125,MCE1750
2015,08,26,140K,1.832,18.033,16.201,17.01677083,MCE1750
2015,08,27,140K,1.975,18.152,16.177,16.869625,MCE1750
2015,08,28,140K,2.476,18.343,15.867,16.9869375,MCE1750
2015,07,20,141K,3.76,19.77,16.01,18.0271875,NA
2015,07,21,141K,9.481,24.823,15.342,19.48589583,NA
2015,07,22,141K,7.698,25.113,17.415,20.568875,NA
2015,07,23,141K,6.243,22.992,16.749,19.01427083,NA
2015,07,24,141K,7.363,22.992,15.629,18.55877083,NA
2015,07,25,141K,7.392,23.593,16.201,19.01497917,NA
2015,07,26,141K,8.549,24.75,16.201,19.51495833,NA
2015,07,27,141K,8.24,24.798,16.558,19.37791667,NA
2015,07,28,141K,7.68,23.833,16.153,18.6399375,NA
2015,07,29,141K,7.94,23.569,15.629,18.48189583,NA
2015,07,30,141K,9.335,24.629,15.294,18.62702083,NA
2015,07,31,141K,10.15,24.823,14.673,18.44514583,NA
2015,08,1,141K,9.795,25.113,15.318,18.85904167,NA
2015,08,2,141K,9.748,25.162,15.414,18.618375,NA
2015,08,3,141K,10.249,25.089,14.84,18.96391667,NA
2015,08,4,141K,10.131,25.186,15.055,18.94783333,NA
2015,08,5,141K,10.487,24.968,14.481,18.22554167,NA
2015,08,6,141K,11.979,26.867,14.888,19.56329167,NA
2015,08,7,141K,7.124,21.246,14.122,16.97710417,NA
2015,08,8,141K,2.403,19.08,16.677,17.79447917,NA
2015,08,9,141K,2.569,19.27,16.701,18.04470833,NA
2015,08,10,141K,6.047,21.604,15.557,18.15904167,NA
2015,08,11,141K,7.387,22.657,15.27,18.4624375,NA
2015,08,12,141K,9.714,24.171,14.457,19.15191667,NA
2015,08,13,141K,6.361,22.824,16.463,18.762125,NA
2015,08,14,141K,5.809,21.461,15.652,17.89979167,NA
2015,08,15,141K,5.404,20.77,15.366,17.18908333,NA
2015,08,16,141K,5.761,21.175,15.414,17.40747917,NA
2015,08,17,141K,6.645,22.25,15.605,17.7735,NA
2015,08,18,141K,4.807,20.603,15.796,18.00039583,NA
2015,08,19,141K,6.36,22.537,16.177,18.78475,NA
2015,08,20,141K,8.488,23.352,14.864,18.28539583,NA
2015,08,21,141K,4.259,20.269,16.01,17.71241667,NA
2015,08,22,141K,1.737,18.271,16.534,17.16275,NA
2015,08,23,141K,3.854,20.746,16.892,18.526,NA
2015,08,24,141K,4.188,21.318,17.13,18.90672917,NA
2015,08,25,141K,3.711,20.317,16.606,18.3578125,NA
2015,08,26,141K,2.141,18.461,16.32,17.22745833,NA
2015,08,27,141K,2.284,18.628,16.344,17.02677083,NA
2015,08,28,141K,2.738,18.557,15.819,17.17427083,NA
2015,07,20,143K,NA,NA,NA,NA,NA
2015,07,21,143K,NA,NA,NA,NA,NA
2015,07,22,143K,NA,NA,NA,NA,NA
2015,07,23,143K,NA,NA,NA,NA,NA
2015,07,24,143K,NA,NA,NA,NA,NA
2015,07,25,143K,NA,NA,NA,NA,NA
2015,07,26,143K,14.666,31.153,16.487,21.40431818,NA
2015,07,27,143K,7.439,23.521,16.082,18.98902083,NA
2015,07,28,143K,7.22,22.92,15.7,18.54007639,NA
2015,07,29,143K,7.795,23.304,15.509,18.9256875,NA
2015,07,30,143K,7.34,23.04,15.7,19.0025,NA
2015,07,31,143K,14.666,31.153,16.487,21.40431818,NA
2015,08,1,143K,7.439,23.521,16.082,18.98902083,NA
2015,08,2,143K,7.22,22.92,15.7,18.54007639,NA
2015,08,3,143K,7.795,23.304,15.509,18.9256875,NA
2015,08,4,143K,7.34,23.04,15.7,19.0025,NA
2015,08,5,143K,8.009,23.088,15.079,18.24345833,NA
2015,08,6,143K,8.782,24.315,15.533,19.35197917,NA
2015,08,7,143K,6.24,20.889,14.649,17.31971528,NA
2015,08,8,143K,2.354,19.365,17.011,18.30935417,NA
2015,08,9,143K,2.854,20.031,17.177,18.61075,NA
2015,08,10,143K,5.666,20.984,15.318,18.44319444,NA
2015,08,11,143K,6.215,21.963,15.748,18.72847222,NA
2015,08,12,143K,8.009,23.136,15.127,19.33592361,NA
2015,08,13,143K,5.215,22.13,16.915,19.01877083,NA
2015,08,14,143K,4.831,21.151,16.32,18.31555556,NA
2015,08,15,143K,4.688,21.008,16.32,17.79598611,NA
2015,08,16,143K,4.903,20.913,16.01,17.76623611,NA
2015,08,17,143K,6.24,22.369,16.129,18.33390972,NA
2015,08,18,143K,5.571,22.034,16.463,18.5579375,NA
2015,08,19,143K,5.334,22.011,16.677,19.0035625,NA
2015,08,20,143K,7.53,22.585,15.055,18.3105625,NA
2015,08,21,143K,3.877,20.507,16.63,18.26507639,NA
2015,08,22,143K,1.427,18.557,17.13,17.69401389,NA
2015,08,23,143K,4.093,21.461,17.368,19.03927083,NA
2015,08,24,143K,3.737,21.342,17.605,19.28427083,NA
2015,08,25,143K,3.735,20.984,17.249,18.82574306,NA
2015,08,26,143K,1.736,18.628,16.892,17.56958333,NA
2015,08,27,143K,2.521,19.341,16.82,17.53443056,NA
2015,08,28,143K,2.593,18.913,16.32,17.60464583,NA
2015,07,20,144K,3.692,21.023,17.331,19.16195833,MCE1500
2015,07,21,144K,7.693,25.65,17.957,21.20520833,MCE1500
2015,07,22,144K,7.067,25.775,18.708,21.39039583,MCE1500
2015,07,23,144K,7.568,25.713,18.145,20.613625,MCE1500
2015,07,24,144K,6.756,24.338,17.582,20.53808333,MCE1500
2015,07,25,144K,7.693,25.963,18.27,21.2390625,MCE1500
2015,07,26,144K,8.505,26.775,18.27,21.569875,MCE1500
2015,07,27,144K,7.504,26.025,18.521,21.30170833,MCE1500
2015,07,28,144K,7.818,25.963,18.145,20.80391667,MCE1500
2015,07,29,144K,7.13,25.025,17.895,20.3035625,MCE1500
2015,07,30,144K,8.382,25.713,17.331,20.6134375,MCE1500
2015,07,31,144K,8.507,25.525,17.018,20.59377083,MCE1500
2015,08,1,144K,9.569,27.213,17.644,20.9560625,MCE1500
2015,08,2,144K,8.006,25.525,17.519,20.57829167,MCE1500
2015,08,3,144K,8.069,25.338,17.269,20.68514583,MCE1500
2015,08,4,144K,8.319,25.525,17.206,20.70214583,MCE1500
2015,08,5,144K,8.945,25.65,16.705,20.18722917,MCE1500
2015,08,6,144K,10.819,27.65,16.831,21.22935417,MCE1500
2015,08,7,144K,8.07,24.713,16.643,18.685875,MCE1500
2015,08,8,144K,1.94,19.584,17.644,18.5909375,MCE1500
2015,08,9,144K,2.816,20.335,17.519,18.88172917,MCE1500
2015,08,10,144K,5.945,22.337,16.392,19.22833333,MCE1500
2015,08,11,144K,7.382,24.213,16.831,19.99977083,MCE1500
2015,08,12,144K,8.445,25.463,17.018,20.90666667,MCE1500
2015,08,13,144K,7.819,25.213,17.394,20.31783333,MCE1500
2015,08,14,144K,6.694,23.9,17.206,19.23354167,MCE1500
2015,08,15,144K,5.756,22.712,16.956,18.70685417,MCE1500
2015,08,16,144K,4.693,21.899,17.206,18.85160417,MCE1500
2015,08,17,144K,6.756,23.9,17.144,19.43679167,MCE1500
2015,08,18,144K,7.507,24.838,17.331,19.65966667,MCE1500
2015,08,19,144K,7.006,24.15,17.144,20.08066667,MCE1500
2015,08,20,144K,8.445,25.338,16.893,19.99322917,MCE1500
2015,08,21,144K,4.943,22.462,17.519,19.06945833,MCE1500
2015,08,22,144K,1.502,19.021,17.519,18.0355625,MCE1500
2015,08,23,144K,3.692,21.399,17.707,19.3523125,MCE1500
2015,08,24,144K,4.629,23.087,18.458,20.2073125,MCE1500
2015,08,25,144K,4.692,22.775,18.083,19.6456875,MCE1500
2015,08,26,144K,2.065,19.209,17.144,17.90385417,MCE1500
2015,08,27,144K,2.754,19.96,17.206,17.93908333,MCE1500
2015,08,28,144K,2.753,19.584,16.831,18.116375,MCE1500
2015,07,20,156K,5.94,25.906,19.966,22.06004167,MCE1000
2015,07,21,156K,9.689,29.217,19.528,23.01808333,MCE1000
2015,07,22,156K,10.688,30.279,19.591,23.5480625,MCE1000
2015,07,23,156K,8.94,28.718,19.778,22.301875,MCE1000
2015,07,24,156K,10.878,29.28,18.402,22.64916667,MCE1000
2015,07,25,156K,11.688,30.903,19.215,23.28470833,MCE1000
2015,07,26,156K,11.814,30.591,18.777,23.3939375,MCE1000
2015,07,27,156K,11.125,30.841,19.716,23.75747917,MCE1000
2015,07,28,156K,10.938,30.591,19.653,23.64702083,MCE1000
2015,07,29,156K,10.688,30.216,19.528,23.28760417,MCE1000
2015,07,30,156K,11.627,30.404,18.777,23.05527083,MCE1000
2015,07,31,156K,13.565,31.278,17.713,22.8763125,MCE1000
2015,08,1,156K,12.127,30.466,18.339,23.02360417,MCE1000
2015,08,2,156K,12.378,30.154,17.776,22.62104167,MCE1000
2015,08,3,156K,12.69,30.716,18.026,23.3063125,MCE1000
2015,08,4,156K,11.751,30.528,18.777,23.57364583,MCE1000
2015,08,5,156K,11.315,29.967,18.652,22.67391667,MCE1000
2015,08,6,156K,14.25,32.214,17.964,23.46714583,MCE1000
2015,08,7,156K,8.38,26.344,17.964,20.561375,MCE1000
2015,08,8,156K,2.627,22.468,19.841,21.02941667,MCE1000
2015,08,9,156K,3.502,23.531,20.029,21.75125,MCE1000
2015,08,10,156K,7.941,26.906,18.965,22.36064583,MCE1000
2015,08,11,156K,9.878,28.655,18.777,22.78233333,MCE1000
2015,08,12,156K,11.253,29.529,18.276,23.09447917,MCE1000
2015,08,13,156K,8.315,28.218,19.903,22.509,MCE1000
2015,08,14,156K,7.94,27.531,19.591,22.05454167,MCE1000
2015,08,15,156K,6.316,26.219,19.903,21.75235417,MCE1000
2015,08,16,156K,7.316,26.469,19.153,20.93802083,MCE1000
2015,08,17,156K,10.128,28.905,18.777,21.72447917,MCE1000
2015,08,18,156K,7.379,26.281,18.902,21.91633333,MCE1000
2015,08,19,156K,9.688,29.529,19.841,23.33458333,MCE1000
2015,08,20,156K,9.941,28.593,18.652,22.67397917,MCE1000
2015,08,21,156K,7.316,26.594,19.278,22.30602083,MCE1000
2015,08,22,156K,2.315,22.218,19.903,20.70102083,MCE1000
2015,08,23,156K,5.065,25.094,20.029,22.05729167,MCE1000
2015,08,24,156K,6.314,26.843,20.529,22.85714583,MCE1000
2015,08,25,156K,7.752,27.718,19.966,22.48829167,MCE1000
2015,08,26,156K,1.877,21.28,19.403,20.6031875,MCE1000
2015,08,27,156K,3.44,22.843,19.403,20.4715625,MCE1000
2015,08,28,156K,3.628,22.843,19.215,20.840375,MCE1000
2015,07,20,^Ys,5.439,27,21.561,23.56329167,MCE0750
2015,07,21,^Ys,10.624,31.434,20.81,25.07045833,MCE0750
2015,07,22,^Ys,11.623,32.183,20.56,25.5494375,MCE0750
2015,07,23,^Ys,10.061,31.184,21.123,24.49883333,MCE0750
2015,07,24,^Ys,11.251,30.81,19.559,24.27972917,MCE0750
2015,07,25,^Ys,12.435,32.995,20.56,25.52172917,MCE0750
2015,07,26,^Ys,12.497,32.932,20.435,25.71958333,MCE0750
2015,07,27,^Ys,11.87,33.431,21.561,26.0999375,MCE0750
2015,07,28,^Ys,12.058,33.431,21.373,25.856625,MCE0750
2015,07,29,^Ys,10.435,31.621,21.186,25.46110417,MCE0750
2015,07,30,^Ys,12.247,32.87,20.623,25.39547917,MCE0750
2015,07,31,^Ys,14.185,33.431,19.246,25.12272917,MCE0750
2015,08,1,^Ys,13.498,33.057,19.559,25.31683333,MCE0750
2015,08,2,^Ys,13.937,32.995,19.058,24.86891667,MCE0750
2015,08,3,^Ys,13.623,33.182,19.559,25.59816667,MCE0750
2015,08,4,^Ys,12.747,33.119,20.372,26.0803125,MCE0750
2015,08,5,^Ys,12.559,33.057,20.498,25.56479167,MCE0750
2015,08,6,^Ys,14.497,33.806,19.309,25.53772917,MCE0750
2015,08,7,^Ys,9.752,28.936,19.184,22.05683333,MCE0750
2015,08,8,^Ys,2.689,23.437,20.748,21.8815,MCE0750
2015,08,9,^Ys,3.565,24.5,20.935,22.71391667,MCE0750
2015,08,10,^Ys,8.627,28.687,20.06,23.6280625,MCE0750
2015,08,11,^Ys,9.876,30.061,20.185,24.5784375,MCE0750
2015,08,12,^Ys,11.188,30.872,19.684,24.77991667,MCE0750
2015,08,13,^Ys,9.374,30.435,21.061,24.41954167,MCE0750
2015,08,14,^Ys,7.502,28.437,20.935,23.52389583,MCE0750
2015,08,15,^Ys,6.626,27.812,21.186,23.26870833,MCE0750
2015,08,16,^Ys,6.065,26.375,20.31,22.0233125,MCE0750
2015,08,17,^Ys,9.69,29.124,19.434,22.8955625,MCE0750
2015,08,18,^Ys,7.878,27.812,19.934,23.16160417,MCE0750
2015,08,19,^Ys,9.251,30.061,20.81,24.40279167,MCE0750
2015,08,20,^Ys,11.002,30.498,19.496,24.137875,MCE0750
2015,08,21,^Ys,8.627,28.999,20.372,23.48995833,MCE0750
2015,08,22,^Ys,2.127,22.937,20.81,21.80072917,MCE0750
2015,08,23,^Ys,5.315,26.25,20.935,22.92622917,MCE0750
2015,08,24,^Ys,7.126,28.312,21.186,24.16345833,MCE0750
2015,08,25,^Ys,7.938,29.249,21.311,24.19058333,MCE0750
2015,08,26,^Ys,2.877,23.5,20.623,21.9830625,MCE0750
2015,08,27,^Ys,4.065,24.75,20.685,21.74070833,MCE0750
2015,08,28,^Ys,3.127,24.125,20.998,22.31660417,MCE0750
2015,07,20,D,5.75,28.503,22.753,25.40329167,MCE0500
2015,07,21,D,8.185,31.001,22.816,26.67733333,MCE0500
2015,07,22,D,10.185,31.937,21.752,26.62889583,MCE0500
2015,07,23,D,8.873,31.063,22.19,25.3715625,MCE0500
2015,07,24,D,9.25,29.939,20.689,25.56135417,MCE0500
2015,07,25,D,11.121,32.561,21.44,26.4321875,MCE0500
2015,07,26,D,11.372,32.374,21.002,26.569875,MCE0500
2015,07,27,D,10.183,32.436,22.253,26.547875,MCE0500
2015,07,28,D,11.121,32.811,21.69,26.71579167,MCE0500
2015,07,29,D,9.684,31.812,22.128,26.39602083,MCE0500
2015,07,30,D,9.935,31.562,21.627,26.16291667,MCE0500
2015,07,31,D,11.811,32.124,20.313,26.03466667,MCE0500
2015,08,1,D,11.373,31.812,20.439,26.075125,MCE0500
2015,08,2,D,12.124,31.687,19.563,25.7728125,MCE0500
2015,08,3,D,12.248,32.436,20.188,26.37829167,MCE0500
2015,08,4,D,10.809,32.436,21.627,26.9216875,MCE0500
2015,08,5,D,10.559,32.311,21.752,26.37122917,MCE0500
2015,08,6,D,12.123,32.311,20.188,26.32189583,MCE0500
2015,08,7,D,10.999,31.625,20.626,23.7748125,MCE0500
2015,08,8,D,2.189,24.129,21.94,22.93672917,MCE0500
2015,08,9,D,4.126,25.941,21.815,23.705125,MCE0500
2015,08,10,D,7.687,29.252,21.565,25.081375,MCE0500
2015,08,11,D,8.625,30.002,21.377,25.5578125,MCE0500
2015,08,12,D,9.813,30.564,20.751,25.86477083,MCE0500
2015,08,13,D,8.373,30.376,22.003,25.46010417,MCE0500
2015,08,14,D,6.5,28.753,22.253,24.74952083,MCE0500
2015,08,15,D,8.124,30.252,22.128,24.7375625,MCE0500
2015,08,16,D,6.251,27.878,21.627,23.3494375,MCE0500
2015,08,17,D,10.874,31.375,20.501,24.513,MCE0500
2015,08,18,D,8.438,29.44,21.002,25.0954375,MCE0500
2015,08,19,D,8.873,31.313,22.44,26.28429167,MCE0500
2015,08,20,D,9.936,31.063,21.127,25.72420833,MCE0500
2015,08,21,D,7.688,29.44,21.752,25.125625,MCE0500
2015,08,22,D,2.189,24.379,22.19,23.0319375,MCE0500
2015,08,23,D,5.438,27.441,22.003,24.101,MCE0500
2015,08,24,D,6.999,29.377,22.378,25.6218125,MCE0500
2015,08,25,D,7.312,29.627,22.315,25.2936875,MCE0500
2015,08,26,D,3.064,24.879,21.815,23.20372917,MCE0500
2015,08,27,D,5.189,26.879,21.69,22.88452083,MCE0500
2015,08,28,D,3.314,25.066,21.752,23.335375,MCE0500
2015,07,20,W,4.062,27.97,23.908,25.688,MCE0250
2015,07,21,W,7.558,31.591,24.033,26.59625,MCE0250
2015,07,22,W,8.683,31.966,23.283,26.6338125,MCE0250
2015,07,23,W,6.123,29.531,23.408,25.8453125,MCE0250
2015,07,24,W,9.371,31.779,22.408,26.21589583,MCE0250
2015,07,25,W,9.308,32.528,23.22,26.782,MCE0250
2015,07,26,W,9.306,33.027,23.721,27.22854167,MCE0250
2015,07,27,W,9.68,33.713,24.033,27.58629167,MCE0250
2015,07,28,W,8.931,33.214,24.283,27.71383333,MCE0250
2015,07,29,W,7.057,32.028,24.971,27.444875,MCE0250
2015,07,30,W,8.932,32.528,23.596,27.18285417,MCE0250
2015,07,31,W,9.431,33.277,23.846,27.42472917,MCE0250
2015,08,1,W,10.055,33.651,23.596,27.3935,MCE0250
2015,08,2,W,10.867,33.9,23.033,27.53652083,MCE0250
2015,08,3,W,9.181,33.214,24.033,27.86227083,MCE0250
2015,08,4,W,8.869,33.152,24.283,28.0665,MCE0250
2015,08,5,W,8.809,31.779,22.97,26.62597917,MCE0250
2015,08,6,W,11.365,35.211,23.846,28.11422917,MCE0250
2015,08,7,W,10.681,33.526,22.845,26.6258125,MCE0250
2015,08,8,W,2.501,25.721,23.22,24.51241667,MCE0250
2015,08,9,W,4.874,28.282,23.408,25.41979167,MCE0250
2015,08,10,W,8.558,32.028,23.47,26.17854167,MCE0250
2015,08,11,W,7.872,31.155,23.283,26.06527083,MCE0250
2015,08,12,W,13.86,37.268,23.408,26.92891667,MCE0250
2015,08,13,W,6.872,30.718,23.846,26.11089583,MCE0250
2015,08,14,W,5.561,29.157,23.596,25.71272917,MCE0250
2015,08,15,W,4.811,28.407,23.596,25.72175,MCE0250
2015,08,16,W,10.181,33.401,23.22,25.54579167,MCE0250
2015,08,17,W,8.871,31.279,22.408,25.0769375,MCE0250
2015,08,18,W,7.747,30.655,22.908,25.77229167,MCE0250
2015,08,19,W,13.608,37.954,24.346,27.21916667,MCE0250
2015,08,20,W,17.039,40.572,23.533,27.7115,MCE0250
2015,08,21,W,12.55,36.458,23.908,26.447875,MCE0250
2015,08,22,W,3.312,26.595,23.283,24.400375,MCE0250
2015,08,23,W,5.374,28.719,23.345,25.34289583,MCE0250
2015,08,24,W,6.684,30.655,23.971,25.9911875,MCE0250
2015,08,25,W,3.437,27.283,23.846,25.14389583,MCE0250
2015,08,26,W,2.751,25.846,23.095,24.25452083,MCE0250
2015,08,27,W,2.813,26.158,23.345,24.3104375,MCE0250
2015,08,28,W,2.438,26.096,23.658,24.668625,MCE0250
2015,07,20,f,4,28.771,24.771,26.65789583,NA
2015,07,21,f,5.373,30.832,25.459,27.422,NA
2015,07,22,f,7.122,31.831,24.709,27.51564583,NA
2015,07,23,f,5.561,30.582,25.021,26.74235417,NA
2015,07,24,f,6.748,31.519,24.771,27.07302083,NA
2015,07,25,f,7.872,32.081,24.209,27.555875,NA
2015,07,26,f,7.372,32.581,25.209,28.18727083,NA
2015,07,27,f,7.121,33.205,26.084,28.7495,NA
2015,07,28,f,7.184,33.205,26.021,28.7405,NA
2015,07,29,f,6.997,32.456,25.459,28.34097917,NA
2015,07,30,f,7.809,33.33,25.521,28.30685417,NA
2015,07,31,f,7.122,33.018,25.896,28.47739583,NA
2015,08,1,f,7.684,33.455,25.771,28.457875,NA
2015,08,2,f,8.62,34.329,25.709,28.81833333,NA
2015,08,3,f,7.808,33.892,26.084,28.7196875,NA
2015,08,4,f,7.558,33.954,26.396,28.98247917,NA
2015,08,5,f,5.497,31.706,26.209,28.17704167,NA
2015,08,6,f,9.119,34.703,25.584,28.8455,NA
2015,08,7,f,9.684,33.018,23.334,27.518125,NA
2015,08,8,f,3.062,26.646,23.584,25.26479167,NA
2015,08,9,f,6.373,30.332,23.959,25.98597917,NA
2015,08,10,f,5.624,30.145,24.521,26.89352083,NA
2015,08,11,f,5.499,30.645,25.146,26.86745833,NA
2015,08,12,f,5.749,30.083,24.334,26.92345833,NA
2015,08,13,f,5.374,30.77,25.396,26.81145833,NA
2015,08,14,f,6.435,31.644,25.209,26.857,NA
2015,08,15,f,4.812,29.958,25.146,27.05497917,NA
2015,08,16,f,6.186,30.895,24.709,26.6369375,NA
2015,08,17,f,6.311,31.457,25.146,27.09,NA
2015,08,18,f,4.374,29.958,25.584,26.96910417,NA
2015,08,19,f,6.873,31.769,24.896,27.28522917,NA
2015,08,20,f,7.309,32.83,25.521,27.91652083,NA
2015,08,21,f,6.998,31.769,24.771,27.0953125,NA
2015,08,22,f,2.25,26.084,23.834,24.711375,NA
2015,08,23,f,4.187,28.021,23.834,25.58902083,NA
2015,08,24,f,4.687,30.083,25.396,26.95735417,NA
2015,08,25,f,3.062,27.396,24.334,25.54070833,NA
2015,08,26,f,2.5,25.959,23.459,24.37025,NA
2015,08,27,f,4.25,27.709,23.459,24.70354167,NA
2015,08,28,f,2.5,26.459,23.959,25.0290625,NA
